<?xml version="1.0" encoding="utf-8" ?>
<dwsync>
<file name="bgimage.png" server="pq.neelumsoft.com" local="132676100544963300" remote="132689571600000000" Dst="0" />
<file name="logo.png" server="pq.neelumsoft.com" local="132688305319014928" remote="132689571600000000" Dst="0" />
<file name="about.png" server="pq.neelumsoft.com" local="132676099964019856" remote="132689718000000000" Dst="0" />
<file name="faq.png" server="pq.neelumsoft.com" local="132676100073075710" remote="132689718000000000" Dst="0" />
<file name="choose.png" server="pq.neelumsoft.com" local="132694166709479931" remote="132693830400000000" Dst="0" />
<file name="upload.png" server="pq.neelumsoft.com" local="132694166943571353" remote="132693830400000000" Dst="0" />
<file name="personal.png" server="pq.neelumsoft.com" local="132694169150063429" remote="132693830400000000" Dst="0" />
<file name="confirmation.png" server="pq.neelumsoft.com" local="132694169020314822" remote="132693830400000000" Dst="0" />
<file name="payment.png" server="pq.neelumsoft.com" local="132694189632089883" remote="132693830400000000" Dst="0" />
<file name="pickup.png" server="pq.neelumsoft.com" local="132694189687941701" remote="132693830400000000" Dst="0" />
<file name="callicon.png" server="pq.neelumsoft.com" local="132676125932952416" remote="132691360200000000" Dst="0" />
<file name="bag.png" server="pq.neelumsoft.com" local="132676235243455909" remote="132691360200000000" Dst="0" />
<file name="cards.png" server="pq.neelumsoft.com" local="132676236206799877" remote="132691360200000000" Dst="0" />
<file name="decals.png" server="pq.neelumsoft.com" local="132676236597406307" remote="132691360200000000" Dst="0" />
<file name="contact.png" server="pq.neelumsoft.com" local="132676100231483011" remote="132691360200000000" Dst="0" />
<file name="marketing.png" server="pq.neelumsoft.com" local="132676236864419164" remote="132691360200000000" Dst="0" />
<file name="paperboard.png" server="pq.neelumsoft.com" local="132676236462307868" remote="132691360200000000" Dst="0" />
<file name="logo - Copy.png" server="pq.neelumsoft.com" local="132676102392033949" remote="132691360200000000" Dst="0" />
<file name="tshirt.png" server="pq.neelumsoft.com" local="132676234979259634" remote="132691360200000000" Dst="0" />
</dwsync>