<?xml version="1.0" encoding="utf-8" ?>
<dwsync>
<file name="bootstrap.bundle.js" server="pq.neelumsoft.com" local="132653883240000000" remote="132682849800000000" Dst="0" />
<file name="bootstrap.bundle.js.map" server="pq.neelumsoft.com" local="132653883240000000" remote="132682849800000000" Dst="0" />
<file name="bootstrap.bundle.min.js" server="pq.neelumsoft.com" local="132653883240000000" remote="132682849800000000" Dst="0" />
<file name="bootstrap.bundle.min.js.map" server="pq.neelumsoft.com" local="132653883240000000" remote="132682849800000000" Dst="0" />
<file name="bootstrap.esm.js" server="pq.neelumsoft.com" local="132653883240000000" remote="132682849800000000" Dst="0" />
<file name="bootstrap.esm.js.map" server="pq.neelumsoft.com" local="132653883240000000" remote="132682849800000000" Dst="0" />
<file name="bootstrap.esm.min.js" server="pq.neelumsoft.com" local="132653883240000000" remote="132682849800000000" Dst="0" />
<file name="bootstrap.esm.min.js.map" server="pq.neelumsoft.com" local="132653883240000000" remote="132682849800000000" Dst="0" />
<file name="bootstrap.js" server="pq.neelumsoft.com" local="132653883240000000" remote="132682849800000000" Dst="0" />
<file name="bootstrap.min.js" server="pq.neelumsoft.com" local="132653883240000000" remote="132682849800000000" Dst="0" />
<file name="bootstrap.js.map" server="pq.neelumsoft.com" local="132653883240000000" remote="132682849800000000" Dst="0" />
<file name="bootstrap.min.js.map" server="pq.neelumsoft.com" local="132653883240000000" remote="132682849800000000" Dst="0" />
</dwsync>