<?xml version="1.0" encoding="utf-8" ?>
<dwsync>
<file name="bootstrap-grid.css" server="pq.neelumsoft.com" local="132653883240000000" remote="132682849200000000" Dst="0" />
<file name="bootstrap-grid.min.css" server="pq.neelumsoft.com" local="132653883240000000" remote="132682849200000000" Dst="0" />
<file name="bootstrap-grid.css.map" server="pq.neelumsoft.com" local="132653883240000000" remote="132682849200000000" Dst="0" />
<file name="bootstrap-grid.min.css.map" server="pq.neelumsoft.com" local="132653883240000000" remote="132682849200000000" Dst="0" />
<file name="bootstrap-grid.rtl.css" server="pq.neelumsoft.com" local="132653883240000000" remote="132682849200000000" Dst="0" />
<file name="bootstrap-grid.rtl.min.css" server="pq.neelumsoft.com" local="132653883240000000" remote="132682849200000000" Dst="0" />
<file name="bootstrap-grid.rtl.css.map" server="pq.neelumsoft.com" local="132653883240000000" remote="132682849200000000" Dst="0" />
<file name="bootstrap-reboot.css" server="pq.neelumsoft.com" local="132653883240000000" remote="132682849200000000" Dst="0" />
<file name="bootstrap-grid.rtl.min.css.map" server="pq.neelumsoft.com" local="132653883240000000" remote="132682849200000000" Dst="0" />
<file name="bootstrap-reboot.min.css" server="pq.neelumsoft.com" local="132653883240000000" remote="132682849200000000" Dst="0" />
<file name="bootstrap-reboot.min.css.map" server="pq.neelumsoft.com" local="132653883240000000" remote="132682849200000000" Dst="0" />
<file name="bootstrap-reboot.css.map" server="pq.neelumsoft.com" local="132653883240000000" remote="132682849200000000" Dst="0" />
<file name="bootstrap-reboot.rtl.css" server="pq.neelumsoft.com" local="132653883240000000" remote="132682849200000000" Dst="0" />
<file name="bootstrap-reboot.rtl.min.css" server="pq.neelumsoft.com" local="132653883240000000" remote="132682849200000000" Dst="0" />
<file name="bootstrap-reboot.rtl.min.css.map" server="pq.neelumsoft.com" local="132653883240000000" remote="132682849200000000" Dst="0" />
<file name="bootstrap-reboot.rtl.css.map" server="pq.neelumsoft.com" local="132653883240000000" remote="132682849200000000" Dst="0" />
<file name="bootstrap-utilities.css" server="pq.neelumsoft.com" local="132653883240000000" remote="132682849800000000" Dst="0" />
<file name="bootstrap-utilities.min.css" server="pq.neelumsoft.com" local="132653883240000000" remote="132682849800000000" Dst="0" />
<file name="bootstrap-utilities.css.map" server="pq.neelumsoft.com" local="132653883240000000" remote="132682849800000000" Dst="0" />
<file name="bootstrap-utilities.rtl.css" server="pq.neelumsoft.com" local="132653883240000000" remote="132682849800000000" Dst="0" />
<file name="bootstrap-utilities.min.css.map" server="pq.neelumsoft.com" local="132653883240000000" remote="132682849800000000" Dst="0" />
<file name="bootstrap-utilities.rtl.min.css" server="pq.neelumsoft.com" local="132653883240000000" remote="132682849800000000" Dst="0" />
<file name="bootstrap-utilities.rtl.css.map" server="pq.neelumsoft.com" local="132653883240000000" remote="132682849800000000" Dst="0" />
<file name="bootstrap-utilities.rtl.min.css.map" server="pq.neelumsoft.com" local="132653883240000000" remote="132682849800000000" Dst="0" />
<file name="bootstrap.css" server="pq.neelumsoft.com" local="132653883240000000" remote="132682849800000000" Dst="0" />
<file name="bootstrap.min.css" server="pq.neelumsoft.com" local="132653883240000000" remote="132682849800000000" Dst="0" />
<file name="bootstrap.css.map" server="pq.neelumsoft.com" local="132653883240000000" remote="132682849800000000" Dst="0" />
<file name="bootstrap.rtl.css" server="pq.neelumsoft.com" local="132653883240000000" remote="132682849800000000" Dst="0" />
<file name="bootstrap.min.css.map" server="pq.neelumsoft.com" local="132653883240000000" remote="132682849800000000" Dst="0" />
<file name="bootstrap.rtl.min.css" server="pq.neelumsoft.com" local="132653883240000000" remote="132682849800000000" Dst="0" />
<file name="bootstrap.rtl.css.map" server="pq.neelumsoft.com" local="132653883240000000" remote="132682849800000000" Dst="0" />
<file name="bootstrap.rtl.min.css.map" server="pq.neelumsoft.com" local="132653883240000000" remote="132682849800000000" Dst="0" />
</dwsync>