<?xml version="1.0" encoding="utf-8" ?>
<dwsync>
<file name="g1.png" server="pq.neelumsoft.com" local="132676910303731230" remote="132689718000000000" Dst="0" />
<file name="g2.png" server="pq.neelumsoft.com" local="132676910402007870" remote="132689718000000000" Dst="0" />
<file name="g3.png" server="pq.neelumsoft.com" local="132676910514322038" remote="132689718000000000" Dst="0" />
<file name="g4.png" server="pq.neelumsoft.com" local="132676910624006858" remote="132689718000000000" Dst="0" />
<file name="g5.png" server="pq.neelumsoft.com" local="132676911473841022" remote="132689718000000000" Dst="0" />
<file name="g6.png" server="pq.neelumsoft.com" local="132676911592759078" remote="132689718000000000" Dst="0" />
<file name="g7.png" server="pq.neelumsoft.com" local="132676911790204129" remote="132689718000000000" Dst="0" />
<file name="g8.png" server="pq.neelumsoft.com" local="132676911902456056" remote="132689718000000000" Dst="0" />
</dwsync>